time_unit,real_y,synth_y,costco,gap,ci_lo,ci_hi,treatment_date,synth_ci_lo,synth_ci_hi
2016-12-15,125.35,125.70828935469244,Lake Macquarie,-0.35828935469244527,-1.6846232499853264,4.3416648224709675,2022-05-02,124.02366610470712,130.04995417716341
2017-01-15,140.6833,138.9357090612312,Lake Macquarie,1.747590938768809,-8.328108152599288,6.65270244029666,2022-05-02,130.6076009086319,145.58841150152784
2017-02-15,134.0619,136.2661394132173,Lake Macquarie,-2.2042394132172944,-6.684991794509557,6.694519658405446,2022-05-02,129.58114761870775,142.96065907162276
2017-03-15,125.3326,129.05599219155624,Lake Macquarie,-3.7233921915562433,-7.456996691424765,6.3355862519890875,2022-05-02,121.59899550013148,135.39157844354534
2017-04-15,130.1549,128.31319822873758,Lake Macquarie,1.8417017712624215,-7.63487686857274,7.898139331800364,2022-05-02,120.67832136016483,136.21133756053794
2017-05-15,127.7148,127.36380328029627,Lake Macquarie,0.3509967197037298,-4.870952279598838,6.788182496869329,2022-05-02,122.49285100069743,134.1519857771656
2017-06-15,124.8311,122.18435011795911,Lake Macquarie,2.6467498820408935,-8.036164273472604,6.769962943710262,2022-05-02,114.1481858444865,128.95431306166938
2017-07-15,112.3148,120.2239076559587,Lake Macquarie,-7.909107655958692,-7.877243442549079,7.152610498654234,2022-05-02,112.34666421340962,127.37651815461294
2017-08-15,125.6751,122.26783171209026,Lake Macquarie,3.4072682879097442,-5.19497468128811,5.791200404816284,2022-05-02,117.07285703080214,128.05903211690654
2017-09-15,122.2178,122.84202701856293,Lake Macquarie,-0.6242270185629337,-7.444494631750022,6.731968603525633,2022-05-02,115.39753238681291,129.57399562208857
2017-10-15,133.0833,133.06542021428712,Lake Macquarie,0.017879785712892726,-9.545650151347186,9.4304072363099,2022-05-02,123.51977006293993,142.495827450597
2017-11-15,135.355,135.56866278505112,Lake Macquarie,-0.21366278505112746,-6.582682075000005,5.481860754057707,2022-05-02,128.9859807100511,141.05052353910884
2017-12-15,144.6769,140.5353764026321,Lake Macquarie,4.141523597367893,-8.723111949191829,5.5613439641222175,2022-05-02,131.81226445344026,146.0967203667543
2018-01-15,142.56,139.62221179137597,Lake Macquarie,2.9377882086240277,-8.006444605368237,6.083283392977821,2022-05-02,131.61576718600773,145.7054951843538
2018-02-15,141.0509,138.43415015064306,Lake Macquarie,2.6167498493569497,-3.242389691541188,4.579070323104127,2022-05-02,135.19176045910189,143.0132204737472
2018-03-15,134.7571,136.5918810489505,Lake Macquarie,-1.8347810489505036,-6.037660859821453,4.1548583968503205,2022-05-02,130.55422018912907,140.74673944580084
2018-04-15,145.5027,144.58112305133403,Lake Macquarie,0.9215769486659724,-4.441020640194656,3.7123206638575716,2022-05-02,140.14010241113937,148.29344371519161
2018-08-15,150.8138,148.26854056425356,Lake Macquarie,2.5452594357464307,-6.359555501346506,4.8099353956902915,2022-05-02,141.90898506290705,153.07847595994386
2018-11-15,144.935,148.68051012238908,Lake Macquarie,-3.745510122389078,-7.733234921111878,9.16364737314524,2022-05-02,140.9472752012772,157.84415749553432
2018-12-15,133.7492,135.82448211420814,Lake Macquarie,-2.075282114208136,-7.780755848360183,9.233036890909592,2022-05-02,128.04372626584797,145.05751900511774
2019-01-15,130.7857,134.61562766396483,Lake Macquarie,-3.8299276639648383,-8.983255216479414,7.612471939581672,2022-05-02,125.63237244748541,142.2280996035465
2019-02-15,134.5909,132.22255789328102,Lake Macquarie,2.368342106718984,-6.675716855085503,5.911334568537658,2022-05-02,125.54684103819552,138.13389246181868
2019-04-15,151.9,144.20679615977747,Lake Macquarie,7.693203840222537,-6.398122653209119,6.3702832625891945,2022-05-02,137.80867350656834,150.57707942236667
2019-06-15,143.7818,141.56385858367204,Lake Macquarie,2.2179414163279603,-9.344443171719814,6.124111177682081,2022-05-02,132.21941541195224,147.6879697613541
2019-07-15,148.0545,141.6342641474083,Lake Macquarie,6.420235852591702,-9.090762960604062,8.460643815143126,2022-05-02,132.54350118680424,150.09490796255142
2019-08-15,147.2283,142.3346009816439,Lake Macquarie,4.893699018356102,-5.427704181300763,5.786016371801432,2022-05-02,136.90689680034313,148.1206173534453
2019-09-15,149.11,147.1686525842544,Lake Macquarie,1.9413474157456108,-4.821533797225721,3.8874091574395724,2022-05-02,142.34711878702868,151.05606174169398
2019-10-15,149.2636,149.5163797559569,Lake Macquarie,-0.25277975595690805,-8.530534832508284,5.132788717493428,2022-05-02,140.9858449234486,154.64916847345035
2019-11-15,147.652,149.81913682012043,Lake Macquarie,-2.1671368201204473,-6.772493471176471,5.166072488145531,2022-05-02,143.04664334894397,154.98520930826595
2019-12-15,142.2526,148.88043984593796,Lake Macquarie,-6.627839845937956,-6.5862867719657,6.886486300224071,2022-05-02,142.29415307397227,155.76692614616204
2020-01-15,150.6922,146.69300633925363,Lake Macquarie,3.9991936607463856,-7.3990312133366105,9.884660499816446,2022-05-02,139.29397512591703,156.57766683907008
2020-02-15,148.625,142.41068546208967,Lake Macquarie,6.214314537910326,-10.577298379043567,10.088515924847185,2022-05-02,131.83338708304612,152.49920138693685
2020-03-15,131.3357,130.8658582858919,Lake Macquarie,0.4698417141080995,-15.2212173070004,10.039667640554041,2022-05-02,115.6446409788915,140.90552592644593
2020-04-15,103.2709,111.83849849332596,Lake Macquarie,-8.56759849332596,-12.180768777609162,10.914291001434252,2022-05-02,99.6577297157168,122.75278949476021
2020-05-15,103.0953,108.39707732876097,Lake Macquarie,-5.301777328760977,-6.396649115941418,7.008822376331791,2022-05-02,102.00042821281956,115.40589970509276
2020-06-15,125.3462,118.14237947718998,Lake Macquarie,7.20382052281002,-5.680338783736705,7.66314751000098,2022-05-02,112.46204069345328,125.80552698719096
2020-07-15,108.84,118.30733710275166,Lake Macquarie,-9.467337102751657,-9.45667075232821,12.05358325977127,2022-05-02,108.85066635042345,130.36092036252293
2020-08-15,106.4471,118.05821136427201,Lake Macquarie,-11.611111364272006,-11.608565275549156,10.840121384566828,2022-05-02,106.44964608872286,128.89833274883884
2020-09-15,121.74,121.55683791527669,Lake Macquarie,0.18316208472330686,-9.75579986540626,8.057882637712424,2022-05-02,111.80103804987043,129.61472055298913
2020-10-15,120.567,122.2837953503062,Lake Macquarie,-1.7167953503062137,-9.5166576333227,12.396256101872709,2022-05-02,112.76713771698351,134.68005145217893
2020-11-15,120.0911,119.53259345106927,Lake Macquarie,0.5585065489307226,-5.831381637716958,7.266597972294118,2022-05-02,113.70121181335232,126.7991914233634
2020-12-15,133.713,123.90992223982494,Lake Macquarie,9.803077760175057,-7.70086697410165,10.132358828627035,2022-05-02,116.2090552657233,134.04228106845198
2021-01-15,126.2857,124.1583286702487,Lake Macquarie,2.1273713297513126,-10.45992688699297,7.211723506614648,2022-05-02,113.69840178325572,131.37005217686334
2021-02-15,142.6375,132.52149717609137,Lake Macquarie,10.116002823908616,-7.007438957413185,11.857626628063127,2022-05-02,125.51405821867819,144.3791238041545
2021-03-15,146.7969,142.9539947754432,Lake Macquarie,3.8429052245568016,-9.278267509091373,5.4762958726821935,2022-05-02,133.67572726635183,148.43029064812538
2021-04-15,145.75,142.9888698692362,Lake Macquarie,2.761130130763803,-13.371045837914204,7.861554831943622,2022-05-02,129.617824031322,150.85042470117983
2021-05-15,150.0556,143.55848326954225,Lake Macquarie,6.497116730457748,-9.791856648991633,9.756433958619965,2022-05-02,133.76662662055062,153.31491722816222
2021-06-15,143.9933,148.08591641216802,Lake Macquarie,-4.092616412168013,-6.823535595936679,6.046875692186063,2022-05-02,141.26238081623134,154.13279210435408
2021-07-15,144.9667,156.28884025181577,Lake Macquarie,-11.322140251815767,-14.024957130430398,15.468811214011321,2022-05-02,142.26388312138536,171.75765146582708
2021-08-15,160.3667,156.15756056547266,Lake Macquarie,4.209139434527344,-9.84063143974005,7.574012012763798,2022-05-02,146.3169291257326,163.73157257823647
2021-09-15,148.587,154.18825394663173,Lake Macquarie,-5.6012539466317435,-9.835265005833103,7.759502877633075,2022-05-02,144.35298894079864,161.94775682426481
2021-10-15,163.1385,167.01314152282256,Lake Macquarie,-3.8746415228225715,-6.38845066287845,8.55758737139208,2022-05-02,160.6246908599441,175.57072889421465
2021-11-15,167.9179,169.0390591545523,Lake Macquarie,-1.1211591545522879,-9.483881743071505,7.452221231998687,2022-05-02,159.5551774114808,176.49128038655098
2021-12-15,164.5154,164.5840934912502,Lake Macquarie,-0.06869349125020108,-13.629135927308507,8.691290794663827,2022-05-02,150.9549575639417,173.27538428591401
2022-01-15,182.5118,175.39051296144612,Lake Macquarie,7.121287038553874,-6.84478521482974,9.234790798825918,2022-05-02,168.5457277466164,184.62530376027203
2022-02-15,182.0714,181.41093027031644,Lake Macquarie,0.6604697296835695,-8.001184215855575,4.265980846377318,2022-05-02,173.40974605446087,185.67691111669376
2022-03-15,192.2447,193.96990084746446,Lake Macquarie,-1.725200847464464,-3.465243335363074,4.292147300244991,2022-05-02,190.50465751210137,198.26204814770944
2022-04-15,178.5478,184.12899680836517,Lake Macquarie,-5.581196808365178,-8.634647120697545,6.406855002234684,2022-05-02,175.49434968766764,190.53585181059987
2022-05-15,196.864,196.1314506661063,Lake Macquarie,0.7325493338937008,-7.202223342525428,9.68344891028072,2022-05-02,188.92922732358088,205.81489957638703
2022-06-15,208.8406,204.94611083684273,Lake Macquarie,3.8944891631572602,-5.821607889935079,6.400425805523999,2022-05-02,199.12450294690765,211.34653664236674
2022-07-15,198.1529,195.6279606390622,Lake Macquarie,2.5249393609377933,-13.967808091020139,11.65280794668069,2022-05-02,181.66015254804205,207.2807685857429
2022-08-15,170.2479,174.22072740674597,Lake Macquarie,-3.972827406745978,-17.258268457761076,20.660837932771848,2022-05-02,156.96245894898487,194.8815653395178
2022-09-15,181.0679,169.68987846829057,Lake Macquarie,11.378021531709436,-13.839418069406666,13.339786356352015,2022-05-02,155.8504603988839,183.0296648246426
2022-10-15,179.267,183.6126068106262,Lake Macquarie,-4.345606810626208,-10.188790338290843,9.849125502846864,2022-05-02,173.42381647233537,193.46173231347308
2022-11-15,191.8743,193.9292197652103,Lake Macquarie,-2.054919765210286,-14.90295172672396,15.7676758011101,2022-05-02,179.02626803848634,209.6968955663204
2022-12-15,175.6761,184.73200991721885,Lake Macquarie,-9.055909917218855,-13.84512846674395,18.067196633296053,2022-05-02,170.8868814504749,202.7992065505149
2023-01-15,186.5299,178.02490589659197,Lake Macquarie,8.504994103408023,-8.759548876639117,9.905070679961192,2022-05-02,169.26535701995286,187.92997657655317
2023-02-15,193.283,188.81014390585597,Lake Macquarie,4.472856094144021,-13.956175743278633,16.76818513928015,2022-05-02,174.85396816257733,205.57832904513612
2023-03-15,181.4667,185.78857757462262,Lake Macquarie,-4.321877574622619,-9.74876636535511,12.36725195321719,2022-05-02,176.0398112092675,198.1558295278398
2023-04-15,196.2803,191.13327226215125,Lake Macquarie,5.1470277378487594,-8.832205384368933,9.86601707347123,2022-05-02,182.30106687778232,200.99928933562248
2023-05-15,174.2893,179.21793410391393,Lake Macquarie,-4.928634103913936,-9.424255184526457,10.014018122160035,2022-05-02,169.79367891938747,189.23195222607396
2023-06-15,188.7224,182.28727803289735,Lake Macquarie,6.435121967102646,-10.965086129981387,12.317329382470248,2022-05-02,171.32219190291596,194.60460741536758
2023-07-15,198.625,187.35150995010824,Lake Macquarie,11.273490049891763,-13.79760391881071,12.650475750933895,2022-05-02,173.55390603129752,200.00198570104214
2023-09-15,215.1012,206.89170653009873,Lake Macquarie,8.209493469901275,-10.97903790703923,10.556356139430351,2022-05-02,195.9126686230595,217.4480626695291
2023-10-15,196.1899,201.8024022170633,Lake Macquarie,-5.612502217063309,-11.678687648118373,14.462157538830544,2022-05-02,190.12371456894493,216.26455975589386
2023-11-15,203.4753,199.43747851760565,Lake Macquarie,4.0378214823943495,-16.684089096183246,13.336186788341449,2022-05-02,182.7533894214224,212.7736653059471
2023-12-15,194.5605,190.54102117069343,Lake Macquarie,4.019478829306564,-13.500416960815627,13.964409267133728,2022-05-02,177.0406042098778,204.50543043782716
2024-01-15,186.3786,189.94458628485512,Lake Macquarie,-3.5659862848551143,-9.12260798324832,13.94675571313589,2022-05-02,180.8219783016068,203.89134199799102
2024-02-15,196.4032,198.95055333841947,Lake Macquarie,-2.5473533384194695,-7.278307393166815,9.888770856776754,2022-05-02,191.67224594525266,208.8393241951962
2024-03-15,205.7651,200.74912538077004,Lake Macquarie,5.015974619229951,-15.670427003014412,18.95896055640694,2022-05-02,185.07869837775561,219.70808593717697
2024-04-15,213.8291,204.2938002981959,Lake Macquarie,9.53529970180412,-13.192704091713432,15.329352771332449,2022-05-02,191.10109620648245,219.62315306952834
2024-05-15,192.4118,197.4070846156973,Lake Macquarie,-4.995284615697301,-14.996614736378415,12.206800181951081,2022-05-02,182.4104698793189,209.61388479764838
2024-06-15,200.4549,195.40604628368231,Lake Macquarie,5.048853716317694,-17.41999327424837,22.553187800968768,2022-05-02,177.98605300943393,217.9592340846511
2024-08-15,187.9398,184.95126967472095,Lake Macquarie,2.9885303252790436,-13.123836638562478,15.8389819018415,2022-05-02,171.82743303615848,200.79025157656244
2024-09-15,171.5089,175.85385423497695,Lake Macquarie,-4.344954234976939,-15.16509511085666,11.387605293931133,2022-05-02,160.68875912412028,187.24145952890808
2024-11-15,182.3903,177.91498374119715,Lake Macquarie,4.475316258802849,-13.669476445746154,10.599160369616538,2022-05-02,164.245507295451,188.51414411081367
2024-12-15,194.763,188.4140189413795,Lake Macquarie,6.348981058620495,-15.094125075435013,17.65367690287376,2022-05-02,173.3198938659445,206.06769584425328
2025-04-15,186.2133,180.68764183045937,Lake Macquarie,5.525658169540634,-15.74811333788281,19.311878809814253,2022-05-02,164.93952849257656,199.99952064027363
2025-05-15,175.007,173.98050073266938,Lake Macquarie,1.026499267330621,-17.38770975495532,23.401280257093514,2022-05-02,156.59279097771406,197.3817809897629
2025-08-15,180.5731,177.17634827717072,Lake Macquarie,3.3967517228292934,-11.492306492034595,16.234625171191993,2022-05-02,165.68404178513612,193.4109734483627
2025-11-15,176.2014,182.97292962501675,Lake Macquarie,-6.77152962501674,-12.408866458428617,6.335748825031453,2022-05-02,170.56406316658814,189.3086784500482
2025-12-15,175.7918,179.04508391849302,Lake Macquarie,-3.2532839184930253,-9.253425497735797,6.991331833067732,2022-05-02,169.79165842075722,186.03641575156075
2026-01-15,173.5636,174.62259167609812,Lake Macquarie,-1.0589916760981168,-11.751060320689351,11.413536113808531,2022-05-02,162.87153135540876,186.03612778990666
