time_unit,real_y,synth_y,costco,gap,ci_lo,ci_hi,real_treatment_date,placebo_treatment_date,synth_ci_lo,synth_ci_hi
2018-01-15,138.4785,136.70220588347647,Perth Airport,1.7762941165235304,-3.357528652709914,3.34822140472036,2020-02-19,2019-02-19,133.34467723076656,140.05042728819683
2018-02-15,137.8524,136.5062056936815,Perth Airport,1.3461943063184947,-3.4191709461555777,3.5728382279213413,2020-02-19,2019-02-19,133.0870347475259,140.07904392160285
2018-03-15,135.4011,135.832610237283,Perth Airport,-0.43151023728299265,-4.380437543152811,4.138148806237891,2020-02-19,2019-02-19,131.45217269413018,139.9707590435209
2018-04-15,137.9222,139.23224182247972,Perth Airport,-1.3100418224797181,-3.090530568959841,3.3835346346050765,2020-02-19,2019-02-19,136.14171125351987,142.6157764570848
2018-05-15,146.2269,146.96281672397873,Perth Airport,-0.7359167239787325,-2.672805562238247,3.357212460796516,2020-02-19,2019-02-19,144.2900111617405,150.32002918477525
2018-06-15,148.22,147.41023720874247,Perth Airport,0.8097627912575263,-2.661587196554908,3.496797106020782,2020-02-19,2019-02-19,144.74865001218757,150.90703431476325
2018-07-15,146.3022,145.87840309808746,Perth Airport,0.4237969019125387,-3.0828707891853724,3.671005656536323,2020-02-19,2019-02-19,142.7955323089021,149.54940875462378
2018-08-15,144.0221,144.86801781982038,Perth Airport,-0.8459178198203858,-4.724067747928382,4.506448465785205,2020-02-19,2019-02-19,140.143950071892,149.3744662856056
2018-09-15,147.3983,149.66434350780997,Perth Airport,-2.266043507809968,-3.767259394941837,4.716651139495741,2020-02-19,2019-02-19,145.89708411286813,154.38099464730573
2018-10-15,158.1065,157.32705418306566,Perth Airport,0.7794458169343557,-2.963694068486228,2.728888207443292,2020-02-19,2019-02-19,154.36336011457942,160.05594239050896
2018-11-15,145.3567,144.2647032918255,Perth Airport,1.0919967081744915,-5.44674029021248,5.715680385779773,2020-02-19,2019-02-19,138.817963001613,149.98038367760526
2018-12-15,128.5887,128.42113316357754,Perth Airport,0.16756683642245207,-5.104811362859339,6.031412979540045,2020-02-19,2019-02-19,123.3163218007182,134.4525461431176
2019-01-15,124.9839,126.5729027683416,Perth Airport,-1.5890027683416008,-2.379858459013281,7.4888721706737735,2020-02-19,2019-02-19,124.19304430932833,134.06177493901538
2019-02-15,126.8429,130.38127103722596,Perth Airport,-3.538371037225957,-4.315099573369581,9.01818163609531,2020-02-19,2019-02-19,126.06617146385638,139.39945267332126
2019-03-15,133.9306,137.08689609291275,Perth Airport,-3.156296092912754,-7.5887493780028485,9.245221638677556,2020-02-19,2019-02-19,129.4981467149099,146.3321177315903
2019-04-15,144.37,145.36761093903007,Perth Airport,-0.9976109390300678,-7.423086208203477,6.942874472962086,2020-02-19,2019-02-19,137.9445247308266,152.31048541199215
2019-05-15,149.3371,148.33706751385176,Perth Airport,1.0000324861482284,-7.88155980443143,6.023593857115716,2020-02-19,2019-02-19,140.45550770942035,154.36066137096748
2019-06-15,137.3916,138.6617497104994,Perth Airport,-1.2701497104993962,-5.439710491965795,7.684154832774086,2020-02-19,2019-02-19,133.2220392185336,146.3459045432735
2019-07-15,139.8081,139.86252624642955,Perth Airport,-0.05442624642955707,-6.210478958911984,7.735028099386747,2020-02-19,2019-02-19,133.65204728751758,147.5975543458163
2019-08-15,136.4391,140.30980648480426,Perth Airport,-3.870706484804259,-10.393935644094142,7.2065154258750646,2020-02-19,2019-02-19,129.9158708407101,147.51632191067932
2019-09-15,139.2567,141.76524047875927,Perth Airport,-2.508540478759272,-7.530076781114045,5.726916274176563,2020-02-19,2019-02-19,134.23516369764522,147.49215675293584
2019-10-15,143.9249,146.41201928601686,Perth Airport,-2.487119286016849,-7.1445953343982636,6.202630313194964,2020-02-19,2019-02-19,139.26742395161858,152.61464959921182
2019-11-15,142.9448,144.69052836302708,Perth Airport,-1.7457283630270979,-6.258018328324168,6.523218632123165,2020-02-19,2019-02-19,138.43251003470291,151.21374699515025
2019-12-15,143.6484,145.23376002687905,Perth Airport,-1.5853600268790444,-7.295253465143074,7.000058963105429,2020-02-19,2019-02-19,137.93850656173598,152.23381898998448
2020-01-15,141.623,144.9195166647006,Perth Airport,-3.2965166647006185,-6.212023541983342,6.642268058472341,2020-02-19,2019-02-19,138.70749312271727,151.56178472317296
2020-02-15,133.7185,137.96878046504116,Perth Airport,-4.250280465041158,-10.227851615051657,8.820565083067812,2020-02-19,2019-02-19,127.7409288499895,146.78934554810897
